{
    "menu" : {
        "slice of pizza": "2.00",
        "toppings": {
            "pepperoni": ".25",
            "meatballs": ".35",
            "mushrooms": ".40",
            "olives": ".20"
        },
        "sides": {
            "potato salad": "1.25",
            "hummus": "2.50",
            "caesar salad": "3.50",
            "garden salad": "2.25"
        },
        "drinks": {
            "soda": {
                "small": "1.95",
                "medium": "2.20",
                "large": "2.50"
            },
            "juice": "2.00",
            "water": "1.25"
        }
    }
}